{
  "decode_ctx2048_b1": {
    "median_ms": 32.3147029876709,
    "p10_ms": 32.09193420410156,
    "p90_ms": 32.09193420410156,
    "peak_mem_bytes": 4465351168,
    "tokens_per_sec": 30.945665828385682,
    "mode": "decode",
    "batch_size": 1,
    "seq_len": 2048,
    "pinned_last_token": true,
    "correctness": {
      "pass": true,
      "cos_sim": 0.999985714259659,
      "l1_rel": 0.005462372209876776,
      "rmse": 0.03386890888214111,
      "reasons": [],
      "strict_pass": false,
      "strict_reasons": [
        "rmse 0.0339 > 0.01"
      ]
    }
  },
  "decode_ctx2048_b8": {
    "median_ms": 200.2091522216797,
    "p10_ms": 200.154052734375,
    "p90_ms": 200.154052734375,
    "peak_mem_bytes": 9516698112,
    "tokens_per_sec": 39.958213254617235,
    "mode": "decode",
    "batch_size": 8,
    "seq_len": 2048,
    "pinned_last_token": true,
    "correctness": {
      "pass": true,
      "cos_sim": 0.9999428805357478,
      "l1_rel": 0.008619939908385277,
      "rmse": 0.047769077122211456,
      "reasons": [],
      "strict_pass": false,
      "strict_reasons": [
        "rmse 0.0478 > 0.01"
      ]
    }
  },
  "decode_ctx512_b1": {
    "median_ms": 25.584575653076172,
    "p10_ms": 25.185056686401367,
    "p90_ms": 25.57427215576172,
    "peak_mem_bytes": 3925222912,
    "tokens_per_sec": 39.08604987473242,
    "mode": "decode",
    "batch_size": 1,
    "seq_len": 512,
    "pinned_last_token": true,
    "correctness": {
      "pass": true,
      "cos_sim": 0.9999503143235711,
      "l1_rel": 0.011700731702148914,
      "rmse": 0.06152505427598953,
      "reasons": [],
      "strict_pass": false,
      "strict_reasons": [
        "l1_rel 0.0117 > 0.01",
        "rmse 0.0615 > 0.01"
      ]
    }
  },
  "decode_ctx512_b8": {
    "median_ms": 143.5133056640625,
    "p10_ms": 143.546142578125,
    "p90_ms": 143.546142578125,
    "peak_mem_bytes": 5188381184,
    "tokens_per_sec": 55.7439602062159,
    "mode": "decode",
    "batch_size": 8,
    "seq_len": 512,
    "pinned_last_token": true,
    "correctness": {
      "pass": true,
      "cos_sim": 0.9999745155280984,
      "l1_rel": 0.00573376938700676,
      "rmse": 0.03573226183652878,
      "reasons": [],
      "strict_pass": false,
      "strict_reasons": [
        "rmse 0.0357 > 0.01"
      ]
    }
  },
  "prefill_2048_b1": {
    "median_ms": 871.4031982421875,
    "p10_ms": 871.759521484375,
    "p90_ms": 871.759521484375,
    "peak_mem_bytes": 4374955008,
    "tokens_per_sec": 2350.2323656044273,
    "mode": "prefill",
    "batch_size": 1,
    "seq_len": 2048,
    "pinned_last_token": false,
    "correctness": {
      "pass": true,
      "cos_sim": 0.999969825897494,
      "l1_rel": 0.005735496524721384,
      "rmse": 0.039751384407281876,
      "reasons": [],
      "strict_pass": false,
      "strict_reasons": [
        "rmse 0.0398 > 0.01"
      ]
    }
  },
  "prefill_512_b1": {
    "median_ms": 242.98570251464844,
    "p10_ms": 245.16064453125,
    "p90_ms": 245.16064453125,
    "peak_mem_bytes": 3901367296,
    "tokens_per_sec": 2107.1198622031434,
    "mode": "prefill",
    "batch_size": 1,
    "seq_len": 512,
    "pinned_last_token": false,
    "correctness": {
      "pass": true,
      "cos_sim": 0.9999632687030673,
      "l1_rel": 0.006278003100305796,
      "rmse": 0.045361343771219254,
      "reasons": [],
      "strict_pass": false,
      "strict_reasons": [
        "rmse 0.0454 > 0.01"
      ]
    }
  }
}