{
  "decode_ctx2048_b1": {
    "median_ms": 32.518991470336914,
    "mad_ms": 0.20428848266601562,
    "trials_ms": [
      32.518991470336914,
      32.3147029876709,
      33.03104019165039
    ],
    "n_trials": 3,
    "mode": "decode",
    "batch_size": 1,
    "seq_len": 2048,
    "tokens_per_sec": 30.75126117955341,
    "peak_mem_bytes": 4465351168,
    "correctness": {
      "pass": true,
      "cos_sim": 0.999985714259659,
      "l1_rel": 0.005462372209876776,
      "rmse": 0.03386890888214111,
      "reasons": [],
      "strict_pass": false,
      "strict_reasons": [
        "rmse 0.0339 > 0.01"
      ]
    },
    "pinned_last_token": true
  },
  "decode_ctx2048_b8": {
    "median_ms": 200.2091522216797,
    "mad_ms": 0.0306854248046875,
    "trials_ms": [
      201.0303955078125,
      200.2091522216797,
      200.178466796875
    ],
    "n_trials": 3,
    "mode": "decode",
    "batch_size": 8,
    "seq_len": 2048,
    "tokens_per_sec": 39.958213254617235,
    "peak_mem_bytes": 9516698112,
    "correctness": {
      "pass": true,
      "cos_sim": 0.9999428805357478,
      "l1_rel": 0.008619939908385277,
      "rmse": 0.047769077122211456,
      "reasons": [],
      "strict_pass": false,
      "strict_reasons": [
        "rmse 0.0478 > 0.01"
      ]
    },
    "pinned_last_token": true
  },
  "decode_ctx512_b1": {
    "median_ms": 25.584575653076172,
    "mad_ms": 0.00310516357421875,
    "trials_ms": [
      25.58768081665039,
      25.584575653076172,
      25.565183639526367
    ],
    "n_trials": 3,
    "mode": "decode",
    "batch_size": 1,
    "seq_len": 512,
    "tokens_per_sec": 39.08604987473242,
    "peak_mem_bytes": 3925222912,
    "correctness": {
      "pass": true,
      "cos_sim": 0.9999503143235711,
      "l1_rel": 0.011700731702148914,
      "rmse": 0.06152505427598953,
      "reasons": [],
      "strict_pass": false,
      "strict_reasons": [
        "l1_rel 0.0117 > 0.01",
        "rmse 0.0615 > 0.01"
      ]
    },
    "pinned_last_token": true
  },
  "decode_ctx512_b8": {
    "median_ms": 143.70790100097656,
    "mad_ms": 0.1945953369140625,
    "trials_ms": [
      145.72805786132812,
      143.5133056640625,
      143.70790100097656
    ],
    "n_trials": 3,
    "mode": "decode",
    "batch_size": 8,
    "seq_len": 512,
    "tokens_per_sec": 55.66847712809915,
    "peak_mem_bytes": 5188381184,
    "correctness": {
      "pass": true,
      "cos_sim": 0.9999746416746974,
      "l1_rel": 0.005858408287167549,
      "rmse": 0.03622632473707199,
      "reasons": [],
      "strict_pass": false,
      "strict_reasons": [
        "rmse 0.0362 > 0.01"
      ]
    },
    "pinned_last_token": true
  },
  "prefill_2048_b1": {
    "median_ms": 871.4031982421875,
    "mad_ms": 3.3187255859375,
    "trials_ms": [
      868.08447265625,
      871.4031982421875,
      877.2962036132812
    ],
    "n_trials": 3,
    "mode": "prefill",
    "batch_size": 1,
    "seq_len": 2048,
    "tokens_per_sec": 2350.2323656044273,
    "peak_mem_bytes": 4374955008,
    "correctness": {
      "pass": true,
      "cos_sim": 0.999969825897494,
      "l1_rel": 0.005735496524721384,
      "rmse": 0.039751384407281876,
      "reasons": [],
      "strict_pass": false,
      "strict_reasons": [
        "rmse 0.0398 > 0.01"
      ]
    },
    "pinned_last_token": false
  },
  "prefill_512_b1": {
    "median_ms": 243.06658935546875,
    "mad_ms": 0.0808868408203125,
    "trials_ms": [
      243.06658935546875,
      242.98570251464844,
      244.7367401123047
    ],
    "n_trials": 3,
    "mode": "prefill",
    "batch_size": 1,
    "seq_len": 512,
    "tokens_per_sec": 2106.4186623001237,
    "peak_mem_bytes": 3901367296,
    "correctness": {
      "pass": true,
      "cos_sim": 0.9999632687030673,
      "l1_rel": 0.006278003100305796,
      "rmse": 0.045361343771219254,
      "reasons": [],
      "strict_pass": false,
      "strict_reasons": [
        "rmse 0.0454 > 0.01"
      ]
    },
    "pinned_last_token": false
  }
}