{
  "decode_ctx2048_b1": {
    "median_ms": 32.902544021606445,
    "mad_ms": 0.1920013427734375,
    "trials_ms": [
      32.902544021606445,
      32.342416763305664,
      33.09454536437988
    ],
    "n_trials": 3,
    "mode": "decode",
    "batch_size": 1,
    "seq_len": 2048,
    "tokens_per_sec": 30.392786629001087,
    "peak_mem_bytes": 4218400256,
    "correctness": {
      "pass": true,
      "cos_sim": 0.9999999999999999,
      "l1_rel": 0.0,
      "rmse": 0.0,
      "reasons": [],
      "strict_pass": true,
      "strict_reasons": []
    },
    "pinned_last_token": true
  },
  "decode_ctx2048_b8": {
    "median_ms": 175.41810607910156,
    "mad_ms": 0.1269073486328125,
    "trials_ms": [
      175.82057189941406,
      175.29119873046875,
      175.41810607910156
    ],
    "n_trials": 3,
    "mode": "decode",
    "batch_size": 8,
    "seq_len": 2048,
    "tokens_per_sec": 45.605326490029185,
    "peak_mem_bytes": 7541571072,
    "correctness": {
      "pass": true,
      "cos_sim": 0.9999999999999999,
      "l1_rel": 0.0,
      "rmse": 0.0,
      "reasons": [],
      "strict_pass": true,
      "strict_reasons": []
    },
    "pinned_last_token": true
  },
  "decode_ctx512_b1": {
    "median_ms": 28.9749755859375,
    "mad_ms": 0.1913280487060547,
    "trials_ms": [
      29.437023162841797,
      28.783647537231445,
      28.9749755859375
    ],
    "n_trials": 3,
    "mode": "decode",
    "batch_size": 1,
    "seq_len": 512,
    "tokens_per_sec": 34.51253986510113,
    "peak_mem_bytes": 3863952896,
    "correctness": {
      "pass": true,
      "cos_sim": 1.0,
      "l1_rel": 0.0,
      "rmse": 0.0,
      "reasons": [],
      "strict_pass": true,
      "strict_reasons": []
    },
    "pinned_last_token": true
  },
  "decode_ctx512_b8": {
    "median_ms": 143.45706176757812,
    "mad_ms": 0.5334930419921875,
    "trials_ms": [
      143.45706176757812,
      143.9905548095703,
      141.80429077148438
    ],
    "n_trials": 3,
    "mode": "decode",
    "batch_size": 8,
    "seq_len": 512,
    "tokens_per_sec": 55.76581523021289,
    "peak_mem_bytes": 4697587200,
    "correctness": {
      "pass": true,
      "cos_sim": 1.0,
      "l1_rel": 0.0,
      "rmse": 0.0,
      "reasons": [],
      "strict_pass": true,
      "strict_reasons": []
    },
    "pinned_last_token": true
  },
  "prefill_2048_b1": {
    "median_ms": 868.046630859375,
    "mad_ms": 2.7689208984375,
    "trials_ms": [
      865.2777099609375,
      868.046630859375,
      873.6539916992188
    ],
    "n_trials": 3,
    "mode": "prefill",
    "batch_size": 1,
    "seq_len": 2048,
    "tokens_per_sec": 2359.32025676139,
    "peak_mem_bytes": 5620139008,
    "correctness": {
      "pass": true,
      "cos_sim": 1.0,
      "l1_rel": 0.0,
      "rmse": 0.0,
      "reasons": [],
      "strict_pass": true,
      "strict_reasons": []
    },
    "pinned_last_token": false
  },
  "prefill_512_b1": {
    "median_ms": 253.48585510253906,
    "mad_ms": 1.24517822265625,
    "trials_ms": [
      255.5911407470703,
      253.48585510253906,
      252.2406768798828
    ],
    "n_trials": 3,
    "mode": "prefill",
    "batch_size": 1,
    "seq_len": 512,
    "tokens_per_sec": 2019.8365695509433,
    "peak_mem_bytes": 4212532224,
    "correctness": {
      "pass": true,
      "cos_sim": 1.0,
      "l1_rel": 0.0,
      "rmse": 0.0,
      "reasons": [],
      "strict_pass": true,
      "strict_reasons": []
    },
    "pinned_last_token": false
  }
}