{
  "decode_ctx2048_b1": {
    "median_ms": 32.79860877990723,
    "p10_ms": 32.21507263183594,
    "p90_ms": 32.21507263183594,
    "peak_mem_bytes": 4218400256,
    "tokens_per_sec": 30.489098080666473,
    "mode": "decode",
    "batch_size": 1,
    "seq_len": 2048,
    "correctness": {
      "pass": true,
      "cos_sim": 0.9999999999999999,
      "l1_rel": 0.0,
      "rmse": 0.0,
      "reasons": [],
      "strict_pass": true,
      "strict_reasons": []
    }
  },
  "decode_ctx2048_b8": {
    "median_ms": 173.1991424560547,
    "p10_ms": 174.8538818359375,
    "p90_ms": 174.8538818359375,
    "peak_mem_bytes": 7541571072,
    "tokens_per_sec": 46.18960513635231,
    "mode": "decode",
    "batch_size": 8,
    "seq_len": 2048,
    "correctness": {
      "pass": true,
      "cos_sim": 0.9999999999999999,
      "l1_rel": 0.0,
      "rmse": 0.0,
      "reasons": [],
      "strict_pass": true,
      "strict_reasons": []
    }
  },
  "decode_ctx512_b1": {
    "median_ms": 28.906496047973633,
    "p10_ms": 28.91753578186035,
    "p90_ms": 29.258752822875977,
    "peak_mem_bytes": 3863952896,
    "tokens_per_sec": 34.59430013033699,
    "mode": "decode",
    "batch_size": 1,
    "seq_len": 512,
    "correctness": {
      "pass": true,
      "cos_sim": 1.0,
      "l1_rel": 0.0,
      "rmse": 0.0,
      "reasons": [],
      "strict_pass": true,
      "strict_reasons": []
    }
  },
  "decode_ctx512_b8": {
    "median_ms": 141.75721740722656,
    "p10_ms": 141.90223693847656,
    "p90_ms": 141.90223693847656,
    "peak_mem_bytes": 4697587200,
    "tokens_per_sec": 56.43451632531956,
    "mode": "decode",
    "batch_size": 8,
    "seq_len": 512,
    "correctness": {
      "pass": true,
      "cos_sim": 1.0,
      "l1_rel": 0.0,
      "rmse": 0.0,
      "reasons": [],
      "strict_pass": true,
      "strict_reasons": []
    }
  },
  "prefill_2048_b1": {
    "median_ms": 851.7136840820312,
    "p10_ms": 852.5166015625,
    "p90_ms": 852.5166015625,
    "peak_mem_bytes": 5620139008,
    "tokens_per_sec": 2404.5639259715717,
    "mode": "prefill",
    "batch_size": 1,
    "seq_len": 2048,
    "correctness": {
      "pass": true,
      "cos_sim": 1.0,
      "l1_rel": 0.0,
      "rmse": 0.0,
      "reasons": [],
      "strict_pass": true,
      "strict_reasons": []
    }
  },
  "prefill_512_b1": {
    "median_ms": 252.46182250976562,
    "p10_ms": 248.968994140625,
    "p90_ms": 248.968994140625,
    "peak_mem_bytes": 4212532224,
    "tokens_per_sec": 2028.0294062291143,
    "mode": "prefill",
    "batch_size": 1,
    "seq_len": 512,
    "correctness": {
      "pass": true,
      "cos_sim": 1.0,
      "l1_rel": 0.0,
      "rmse": 0.0,
      "reasons": [],
      "strict_pass": true,
      "strict_reasons": []
    }
  }
}