{
  "decode_ctx2048_b1": {
    "median_ms": 30.46723175048828,
    "p10_ms": 29.790815353393555,
    "p90_ms": 30.16089630126953,
    "peak_mem_bytes": 4239382016,
    "tokens_per_sec": 32.89110111299685,
    "mode": "decode",
    "batch_size": 1,
    "seq_len": 2048,
    "pinned_last_token": true,
    "correctness": {
      "pass": true,
      "cos_sim": 0.9999795688084707,
      "l1_rel": 0.013486809097230434,
      "rmse": 0.0706784576177597,
      "reasons": [],
      "strict_pass": false,
      "strict_reasons": [
        "l1_rel 0.0135 > 0.01",
        "rmse 0.0707 > 0.01"
      ]
    },
    "mad_ms": 0.06387138366699219,
    "trials_ms": [
      30.40336036682129,
      30.46723175048828,
      31.063007354736328
    ],
    "n_trials": 3
  },
  "decode_ctx2048_b8": {
    "median_ms": 174.0029754638672,
    "p10_ms": 173.4608612060547,
    "p90_ms": 173.4608612060547,
    "peak_mem_bytes": 7730259456,
    "tokens_per_sec": 45.97622528392481,
    "mode": "decode",
    "batch_size": 8,
    "seq_len": 2048,
    "pinned_last_token": true,
    "correctness": {
      "pass": true,
      "cos_sim": 0.999949668534184,
      "l1_rel": 0.007539722137153149,
      "rmse": 0.044028136879205704,
      "reasons": [],
      "strict_pass": false,
      "strict_reasons": [
        "rmse 0.0440 > 0.01"
      ]
    },
    "mad_ms": 0.3369293212890625,
    "trials_ms": [
      174.0029754638672,
      172.2918701171875,
      174.33990478515625
    ],
    "n_trials": 3
  },
  "decode_ctx512_b1": {
    "median_ms": 26.648319244384766,
    "p10_ms": 26.54617691040039,
    "p90_ms": 26.868511199951172,
    "peak_mem_bytes": 4061085184,
    "tokens_per_sec": 37.0907560758992,
    "mode": "decode",
    "batch_size": 1,
    "seq_len": 512,
    "pinned_last_token": true,
    "correctness": {
      "pass": true,
      "cos_sim": 0.9999435131159707,
      "l1_rel": 0.01703934371471405,
      "rmse": 0.08050066977739334,
      "reasons": [],
      "strict_pass": false,
      "strict_reasons": [
        "l1_rel 0.0170 > 0.01",
        "rmse 0.0805 > 0.01"
      ]
    },
    "mad_ms": 0.07772636413574219,
    "trials_ms": [
      26.960895538330078,
      26.570592880249023,
      26.648319244384766
    ],
    "n_trials": 3
  },
  "decode_ctx512_b8": {
    "median_ms": 141.83094787597656,
    "p10_ms": 141.97328186035156,
    "p90_ms": 141.97328186035156,
    "peak_mem_bytes": 4933645824,
    "tokens_per_sec": 56.40517898107517,
    "mode": "decode",
    "batch_size": 8,
    "seq_len": 512,
    "pinned_last_token": true,
    "correctness": {
      "pass": true,
      "cos_sim": 0.9999745552263363,
      "l1_rel": 0.006068876478821039,
      "rmse": 0.03638573735952377,
      "reasons": [],
      "strict_pass": false,
      "strict_reasons": [
        "rmse 0.0364 > 0.01"
      ]
    },
    "mad_ms": 0.45196533203125,
    "trials_ms": [
      141.83094787597656,
      142.2829132080078,
      139.44192504882812
    ],
    "n_trials": 3
  },
  "prefill_2048_b1": {
    "median_ms": 864.3099365234375,
    "p10_ms": 860.9020385742188,
    "p90_ms": 860.9020385742188,
    "peak_mem_bytes": 5856160768,
    "tokens_per_sec": 2369.520369322359,
    "mode": "prefill",
    "batch_size": 1,
    "seq_len": 2048,
    "pinned_last_token": false,
    "correctness": {
      "pass": true,
      "cos_sim": 0.999965431462566,
      "l1_rel": 0.006105250678956509,
      "rmse": 0.04252202808856964,
      "reasons": [],
      "strict_pass": false,
      "strict_reasons": [
        "rmse 0.0425 > 0.01"
      ]
    },
    "mad_ms": 4.07867431640625,
    "trials_ms": [
      864.3099365234375,
      858.9883422851562,
      868.3886108398438
    ],
    "n_trials": 3
  },
  "prefill_512_b1": {
    "median_ms": 250.921630859375,
    "p10_ms": 252.11167907714844,
    "p90_ms": 252.11167907714844,
    "peak_mem_bytes": 4448553984,
    "tokens_per_sec": 2034.1697809703726,
    "mode": "prefill",
    "batch_size": 1,
    "seq_len": 512,
    "pinned_last_token": false,
    "correctness": {
      "pass": true,
      "cos_sim": 0.9999644690433664,
      "l1_rel": 0.0063130734488368034,
      "rmse": 0.04411035031080246,
      "reasons": [],
      "strict_pass": false,
      "strict_reasons": [
        "rmse 0.0441 > 0.01"
      ]
    },
    "mad_ms": 0.778106689453125,
    "trials_ms": [
      251.69973754882812,
      248.2797088623047,
      250.921630859375
    ],
    "n_trials": 3
  }
}