{
  "decode_ctx2048_b1": {
    "median_ms": 29.93462371826172,
    "p10_ms": 30.09267234802246,
    "p90_ms": 30.149503707885742,
    "peak_mem_bytes": 4239382016,
    "tokens_per_sec": 33.406132290547106,
    "mode": "decode",
    "batch_size": 1,
    "seq_len": 2048,
    "correctness": {
      "pass": true,
      "cos_sim": 0.9999795688084707,
      "l1_rel": 0.013486809097230434,
      "rmse": 0.0706784576177597,
      "reasons": [],
      "strict_pass": false,
      "strict_reasons": [
        "l1_rel 0.0135 > 0.01",
        "rmse 0.0707 > 0.01"
      ]
    }
  },
  "decode_ctx2048_b8": {
    "median_ms": 171.53305053710938,
    "p10_ms": 173.68646240234375,
    "p90_ms": 173.68646240234375,
    "peak_mem_bytes": 7730259456,
    "tokens_per_sec": 46.63824245502638,
    "mode": "decode",
    "batch_size": 8,
    "seq_len": 2048,
    "correctness": {
      "pass": true,
      "cos_sim": 0.999949668534184,
      "l1_rel": 0.007539722137153149,
      "rmse": 0.044028136879205704,
      "reasons": [],
      "strict_pass": false,
      "strict_reasons": [
        "rmse 0.0440 > 0.01"
      ]
    }
  },
  "decode_ctx512_b1": {
    "median_ms": 26.89036750793457,
    "p10_ms": 25.75868797302246,
    "p90_ms": 26.073183059692383,
    "peak_mem_bytes": 4061085184,
    "tokens_per_sec": 37.188037675756156,
    "mode": "decode",
    "batch_size": 1,
    "seq_len": 512,
    "correctness": {
      "pass": false,
      "cos_sim": 0.8848792645497917,
      "l1_rel": 0.41345930099487305,
      "rmse": 2.184889316558838,
      "reasons": [
        "cos_sim 0.8849 < 0.95",
        "l1_rel 0.4135 > 0.05",
        "rmse 2.1849 > 0.1"
      ],
      "strict_pass": false,
      "strict_reasons": [
        "cos_sim 0.8849 < 0.99",
        "l1_rel 0.4135 > 0.01",
        "rmse 2.1849 > 0.01"
      ]
    }
  },
  "decode_ctx512_b8": {
    "median_ms": 140.40623474121094,
    "p10_ms": 138.6096649169922,
    "p90_ms": 138.6096649169922,
    "peak_mem_bytes": 4933645824,
    "tokens_per_sec": 56.97752677967015,
    "mode": "decode",
    "batch_size": 8,
    "seq_len": 512,
    "correctness": {
      "pass": true,
      "cos_sim": 0.9999745552263363,
      "l1_rel": 0.006068876478821039,
      "rmse": 0.03638573735952377,
      "reasons": [],
      "strict_pass": false,
      "strict_reasons": [
        "rmse 0.0364 > 0.01"
      ]
    }
  },
  "prefill_2048_b1": {
    "median_ms": 855.3048095703125,
    "p10_ms": 853.9666137695312,
    "p90_ms": 853.9666137695312,
    "peak_mem_bytes": 5856160768,
    "tokens_per_sec": 2394.468003785543,
    "mode": "prefill",
    "batch_size": 1,
    "seq_len": 2048,
    "correctness": {
      "pass": true,
      "cos_sim": 0.999965431462566,
      "l1_rel": 0.006105250678956509,
      "rmse": 0.04252202808856964,
      "reasons": [],
      "strict_pass": false,
      "strict_reasons": [
        "rmse 0.0425 > 0.01"
      ]
    }
  },
  "prefill_512_b1": {
    "median_ms": 249.05909729003906,
    "p10_ms": 247.92591857910156,
    "p90_ms": 247.92591857910156,
    "peak_mem_bytes": 4448553984,
    "tokens_per_sec": 2055.7369940346166,
    "mode": "prefill",
    "batch_size": 1,
    "seq_len": 512,
    "correctness": {
      "pass": true,
      "cos_sim": 0.9999644690433664,
      "l1_rel": 0.0063130734488368034,
      "rmse": 0.04411035031080246,
      "reasons": [],
      "strict_pass": false,
      "strict_reasons": [
        "rmse 0.0441 > 0.01"
      ]
    }
  }
}