{
  "decode_ctx2048_b1": {
    "median_ms": 31.063007354736328,
    "p10_ms": 30.128032684326172,
    "p90_ms": 30.209823608398438,
    "peak_mem_bytes": 4239382016,
    "tokens_per_sec": 32.192633140123995,
    "mode": "decode",
    "batch_size": 1,
    "seq_len": 2048,
    "pinned_last_token": true,
    "correctness": {
      "pass": true,
      "cos_sim": 0.9999795688084707,
      "l1_rel": 0.013486809097230434,
      "rmse": 0.0706784576177597,
      "reasons": [],
      "strict_pass": false,
      "strict_reasons": [
        "l1_rel 0.0135 > 0.01",
        "rmse 0.0707 > 0.01"
      ]
    }
  },
  "decode_ctx2048_b8": {
    "median_ms": 174.33990478515625,
    "p10_ms": 173.07894897460938,
    "p90_ms": 173.07894897460938,
    "peak_mem_bytes": 7730259456,
    "tokens_per_sec": 45.88737162532362,
    "mode": "decode",
    "batch_size": 8,
    "seq_len": 2048,
    "pinned_last_token": true,
    "correctness": {
      "pass": true,
      "cos_sim": 0.999949668534184,
      "l1_rel": 0.007539722137153149,
      "rmse": 0.044028136879205704,
      "reasons": [],
      "strict_pass": false,
      "strict_reasons": [
        "rmse 0.0440 > 0.01"
      ]
    }
  },
  "decode_ctx512_b1": {
    "median_ms": 26.648319244384766,
    "p10_ms": 26.233856201171875,
    "p90_ms": 26.669151306152344,
    "peak_mem_bytes": 4061085184,
    "tokens_per_sec": 37.525818826668264,
    "mode": "decode",
    "batch_size": 1,
    "seq_len": 512,
    "pinned_last_token": true,
    "correctness": {
      "pass": true,
      "cos_sim": 0.9999435131159707,
      "l1_rel": 0.01703934371471405,
      "rmse": 0.08050066977739334,
      "reasons": [],
      "strict_pass": false,
      "strict_reasons": [
        "l1_rel 0.0170 > 0.01",
        "rmse 0.0805 > 0.01"
      ]
    }
  },
  "decode_ctx512_b8": {
    "median_ms": 139.44192504882812,
    "p10_ms": 139.17674255371094,
    "p90_ms": 139.17674255371094,
    "peak_mem_bytes": 4933645824,
    "tokens_per_sec": 57.37155448190101,
    "mode": "decode",
    "batch_size": 8,
    "seq_len": 512,
    "pinned_last_token": true,
    "correctness": {
      "pass": true,
      "cos_sim": 0.9999745552263363,
      "l1_rel": 0.006068876478821039,
      "rmse": 0.03638573735952377,
      "reasons": [],
      "strict_pass": false,
      "strict_reasons": [
        "rmse 0.0364 > 0.01"
      ]
    }
  },
  "prefill_2048_b1": {
    "median_ms": 868.3886108398438,
    "p10_ms": 872.4805297851562,
    "p90_ms": 872.4805297851562,
    "peak_mem_bytes": 5856160768,
    "tokens_per_sec": 2358.391133227001,
    "mode": "prefill",
    "batch_size": 1,
    "seq_len": 2048,
    "pinned_last_token": false,
    "correctness": {
      "pass": true,
      "cos_sim": 0.999965431462566,
      "l1_rel": 0.006105250678956509,
      "rmse": 0.04252202808856964,
      "reasons": [],
      "strict_pass": false,
      "strict_reasons": [
        "rmse 0.0425 > 0.01"
      ]
    }
  },
  "prefill_512_b1": {
    "median_ms": 250.921630859375,
    "p10_ms": 249.1123504638672,
    "p90_ms": 249.1123504638672,
    "peak_mem_bytes": 4448553984,
    "tokens_per_sec": 2040.4777310208945,
    "mode": "prefill",
    "batch_size": 1,
    "seq_len": 512,
    "pinned_last_token": false,
    "correctness": {
      "pass": true,
      "cos_sim": 0.9999644690433664,
      "l1_rel": 0.0063130734488368034,
      "rmse": 0.04411035031080246,
      "reasons": [],
      "strict_pass": false,
      "strict_reasons": [
        "rmse 0.0441 > 0.01"
      ]
    }
  }
}