{
  "decode_ctx2048_b1": {
    "median_ms": 33.014671325683594,
    "p10_ms": 32.19740676879883,
    "p90_ms": 32.19740676879883,
    "peak_mem_bytes": 4218400256,
    "tokens_per_sec": 30.28956399823539,
    "mode": "decode",
    "batch_size": 1,
    "seq_len": 2048,
    "correctness": {
      "pass": true,
      "cos_sim": 0.9999999999999999,
      "l1_rel": 0.0,
      "rmse": 0.0,
      "reasons": [],
      "strict_pass": true,
      "strict_reasons": []
    }
  },
  "decode_ctx2048_b8": {
    "median_ms": 176.83641052246094,
    "p10_ms": 173.49087524414062,
    "p90_ms": 173.49087524414062,
    "peak_mem_bytes": 7541571072,
    "tokens_per_sec": 45.23955206037095,
    "mode": "decode",
    "batch_size": 8,
    "seq_len": 2048,
    "correctness": {
      "pass": true,
      "cos_sim": 0.9999999999999999,
      "l1_rel": 0.0,
      "rmse": 0.0,
      "reasons": [],
      "strict_pass": true,
      "strict_reasons": []
    }
  },
  "decode_ctx512_b1": {
    "median_ms": 29.014015197753906,
    "p10_ms": 28.82035255432129,
    "p90_ms": 29.08038330078125,
    "peak_mem_bytes": 3863952896,
    "tokens_per_sec": 34.46610175062616,
    "mode": "decode",
    "batch_size": 1,
    "seq_len": 512,
    "correctness": {
      "pass": true,
      "cos_sim": 1.0,
      "l1_rel": 0.0,
      "rmse": 0.0,
      "reasons": [],
      "strict_pass": true,
      "strict_reasons": []
    }
  },
  "decode_ctx512_b8": {
    "median_ms": 143.49586486816406,
    "p10_ms": 140.20895385742188,
    "p90_ms": 140.20895385742188,
    "peak_mem_bytes": 4697587200,
    "tokens_per_sec": 55.750735446975774,
    "mode": "decode",
    "batch_size": 8,
    "seq_len": 512,
    "correctness": {
      "pass": true,
      "cos_sim": 1.0,
      "l1_rel": 0.0,
      "rmse": 0.0,
      "reasons": [],
      "strict_pass": true,
      "strict_reasons": []
    }
  },
  "prefill_2048_b1": {
    "median_ms": 860.1719970703125,
    "p10_ms": 858.34130859375,
    "p90_ms": 858.34130859375,
    "peak_mem_bytes": 5620139008,
    "tokens_per_sec": 2380.9191731134574,
    "mode": "prefill",
    "batch_size": 1,
    "seq_len": 2048,
    "correctness": {
      "pass": true,
      "cos_sim": 1.0,
      "l1_rel": 0.0,
      "rmse": 0.0,
      "reasons": [],
      "strict_pass": true,
      "strict_reasons": []
    }
  },
  "prefill_512_b1": {
    "median_ms": 250.2500457763672,
    "p10_ms": 249.24227905273438,
    "p90_ms": 249.24227905273438,
    "peak_mem_bytes": 4212532224,
    "tokens_per_sec": 2045.953671702991,
    "mode": "prefill",
    "batch_size": 1,
    "seq_len": 512,
    "correctness": {
      "pass": true,
      "cos_sim": 1.0,
      "l1_rel": 0.0,
      "rmse": 0.0,
      "reasons": [],
      "strict_pass": true,
      "strict_reasons": []
    }
  }
}