{
  "decode_ctx2048_b1": {
    "median_ms": 30.281728744506836,
    "p10_ms": 29.838207244873047,
    "p90_ms": 29.850400924682617,
    "peak_mem_bytes": 4239402496,
    "tokens_per_sec": 33.023213715346486,
    "mode": "decode",
    "batch_size": 1,
    "seq_len": 2048,
    "correctness": {
      "pass": true,
      "cos_sim": 0.9999795688084707,
      "l1_rel": 0.013486809097230434,
      "rmse": 0.0706784576177597,
      "reasons": [],
      "strict_pass": false,
      "strict_reasons": [
        "l1_rel 0.0135 > 0.01",
        "rmse 0.0707 > 0.01"
      ]
    }
  },
  "decode_ctx2048_b8": {
    "median_ms": 170.5510711669922,
    "p10_ms": 173.60464477539062,
    "p90_ms": 173.60464477539062,
    "peak_mem_bytes": 7730259456,
    "tokens_per_sec": 46.906770771125416,
    "mode": "decode",
    "batch_size": 8,
    "seq_len": 2048,
    "correctness": {
      "pass": true,
      "cos_sim": 0.999949668534184,
      "l1_rel": 0.007539722137153149,
      "rmse": 0.044028136879205704,
      "reasons": [],
      "strict_pass": false,
      "strict_reasons": [
        "rmse 0.0440 > 0.01"
      ]
    }
  },
  "decode_ctx512_b1": {
    "median_ms": 26.78544044494629,
    "p10_ms": 26.814464569091797,
    "p90_ms": 27.449119567871094,
    "peak_mem_bytes": 4060116480,
    "tokens_per_sec": 37.33371501041245,
    "mode": "decode",
    "batch_size": 1,
    "seq_len": 512,
    "correctness": {
      "pass": false,
      "cos_sim": 0.8848792645497917,
      "l1_rel": 0.41345930099487305,
      "rmse": 2.184889316558838,
      "reasons": [
        "cos_sim 0.8849 < 0.95",
        "l1_rel 0.4135 > 0.05",
        "rmse 2.1849 > 0.1"
      ],
      "strict_pass": false,
      "strict_reasons": [
        "cos_sim 0.8849 < 0.99",
        "l1_rel 0.4135 > 0.01",
        "rmse 2.1849 > 0.01"
      ]
    }
  },
  "decode_ctx512_b8": {
    "median_ms": 137.69602966308594,
    "p10_ms": 141.1243896484375,
    "p90_ms": 141.1243896484375,
    "peak_mem_bytes": 4934538752,
    "tokens_per_sec": 58.09898818124506,
    "mode": "decode",
    "batch_size": 8,
    "seq_len": 512,
    "correctness": {
      "pass": true,
      "cos_sim": 0.9999745552263363,
      "l1_rel": 0.006068876478821039,
      "rmse": 0.03638573735952377,
      "reasons": [],
      "strict_pass": false,
      "strict_reasons": [
        "rmse 0.0364 > 0.01"
      ]
    }
  },
  "prefill_2048_b1": {
    "median_ms": 849.1967163085938,
    "p10_ms": 850.4625244140625,
    "p90_ms": 850.4625244140625,
    "peak_mem_bytes": 5856160768,
    "tokens_per_sec": 2411.6909082062057,
    "mode": "prefill",
    "batch_size": 1,
    "seq_len": 2048,
    "correctness": {
      "pass": true,
      "cos_sim": 0.999965431462566,
      "l1_rel": 0.006105250678956509,
      "rmse": 0.04252202808856964,
      "reasons": [],
      "strict_pass": false,
      "strict_reasons": [
        "rmse 0.0425 > 0.01"
      ]
    }
  },
  "prefill_512_b1": {
    "median_ms": 246.33424377441406,
    "p10_ms": 246.03114318847656,
    "p90_ms": 246.03114318847656,
    "peak_mem_bytes": 4448553984,
    "tokens_per_sec": 2078.476756438602,
    "mode": "prefill",
    "batch_size": 1,
    "seq_len": 512,
    "correctness": {
      "pass": true,
      "cos_sim": 0.9999644690433664,
      "l1_rel": 0.0063130734488368034,
      "rmse": 0.04411035031080246,
      "reasons": [],
      "strict_pass": false,
      "strict_reasons": [
        "rmse 0.0441 > 0.01"
      ]
    }
  }
}