{
  "decode_ctx2048_b1": {
    "median_ms": 30.46723175048828,
    "p10_ms": 30.17731285095215,
    "p90_ms": 30.319616317749023,
    "peak_mem_bytes": 4239382016,
    "tokens_per_sec": 32.822148339222636,
    "mode": "decode",
    "batch_size": 1,
    "seq_len": 2048,
    "pinned_last_token": true,
    "correctness": {
      "pass": true,
      "cos_sim": 0.9999795688084707,
      "l1_rel": 0.013486809097230434,
      "rmse": 0.0706784576177597,
      "reasons": [],
      "strict_pass": false,
      "strict_reasons": [
        "l1_rel 0.0135 > 0.01",
        "rmse 0.0707 > 0.01"
      ]
    }
  },
  "decode_ctx2048_b8": {
    "median_ms": 172.2918701171875,
    "p10_ms": 174.43919372558594,
    "p90_ms": 174.43919372558594,
    "peak_mem_bytes": 7730259456,
    "tokens_per_sec": 46.4328351335362,
    "mode": "decode",
    "batch_size": 8,
    "seq_len": 2048,
    "pinned_last_token": true,
    "correctness": {
      "pass": true,
      "cos_sim": 0.999949668534184,
      "l1_rel": 0.007539722137153149,
      "rmse": 0.044028136879205704,
      "reasons": [],
      "strict_pass": false,
      "strict_reasons": [
        "rmse 0.0440 > 0.01"
      ]
    }
  },
  "decode_ctx512_b1": {
    "median_ms": 26.570592880249023,
    "p10_ms": 26.395647048950195,
    "p90_ms": 26.50387191772461,
    "peak_mem_bytes": 4061085184,
    "tokens_per_sec": 37.63559226950257,
    "mode": "decode",
    "batch_size": 1,
    "seq_len": 512,
    "pinned_last_token": true,
    "correctness": {
      "pass": true,
      "cos_sim": 0.9999435131159707,
      "l1_rel": 0.01703934371471405,
      "rmse": 0.08050066977739334,
      "reasons": [],
      "strict_pass": false,
      "strict_reasons": [
        "l1_rel 0.0170 > 0.01",
        "rmse 0.0805 > 0.01"
      ]
    }
  },
  "decode_ctx512_b8": {
    "median_ms": 142.2829132080078,
    "p10_ms": 139.53712463378906,
    "p90_ms": 139.53712463378906,
    "peak_mem_bytes": 4933645824,
    "tokens_per_sec": 56.22600647981217,
    "mode": "decode",
    "batch_size": 8,
    "seq_len": 512,
    "pinned_last_token": true,
    "correctness": {
      "pass": true,
      "cos_sim": 0.9999745552263363,
      "l1_rel": 0.006068876478821039,
      "rmse": 0.03638573735952377,
      "reasons": [],
      "strict_pass": false,
      "strict_reasons": [
        "rmse 0.0364 > 0.01"
      ]
    }
  },
  "prefill_2048_b1": {
    "median_ms": 858.9883422851562,
    "p10_ms": 867.3768920898438,
    "p90_ms": 867.3768920898438,
    "peak_mem_bytes": 5856160768,
    "tokens_per_sec": 2384.1999933919133,
    "mode": "prefill",
    "batch_size": 1,
    "seq_len": 2048,
    "pinned_last_token": false,
    "correctness": {
      "pass": true,
      "cos_sim": 0.999965431462566,
      "l1_rel": 0.006105250678956509,
      "rmse": 0.04252202808856964,
      "reasons": [],
      "strict_pass": false,
      "strict_reasons": [
        "rmse 0.0425 > 0.01"
      ]
    }
  },
  "prefill_512_b1": {
    "median_ms": 248.2797088623047,
    "p10_ms": 249.5352325439453,
    "p90_ms": 249.5352325439453,
    "peak_mem_bytes": 4448553984,
    "tokens_per_sec": 2062.190270586929,
    "mode": "prefill",
    "batch_size": 1,
    "seq_len": 512,
    "pinned_last_token": false,
    "correctness": {
      "pass": true,
      "cos_sim": 0.9999644690433664,
      "l1_rel": 0.0063130734488368034,
      "rmse": 0.04411035031080246,
      "reasons": [],
      "strict_pass": false,
      "strict_reasons": [
        "rmse 0.0441 > 0.01"
      ]
    }
  }
}