{
  "decode_ctx2048_b1": {
    "median_ms": 30.44646453857422,
    "p10_ms": 29.92416000366211,
    "p90_ms": 30.147552490234375,
    "peak_mem_bytes": 4238773760,
    "tokens_per_sec": 32.84453597996732,
    "mode": "decode",
    "batch_size": 1,
    "seq_len": 2048,
    "pinned_last_token": true,
    "correctness": {
      "pass": true,
      "cos_sim": 0.9999795688084707,
      "l1_rel": 0.013486809097230434,
      "rmse": 0.0706784576177597,
      "reasons": [],
      "strict_pass": false,
      "strict_reasons": [
        "l1_rel 0.0135 > 0.01",
        "rmse 0.0707 > 0.01"
      ]
    }
  },
  "decode_ctx2048_b8": {
    "median_ms": 172.0747833251953,
    "p10_ms": 172.86941528320312,
    "p90_ms": 172.86941528320312,
    "peak_mem_bytes": 7725413888,
    "tokens_per_sec": 46.491414055022865,
    "mode": "decode",
    "batch_size": 8,
    "seq_len": 2048,
    "pinned_last_token": true,
    "correctness": {
      "pass": true,
      "cos_sim": 0.999949668534184,
      "l1_rel": 0.007539722137153149,
      "rmse": 0.044028136879205704,
      "reasons": [],
      "strict_pass": false,
      "strict_reasons": [
        "rmse 0.0440 > 0.01"
      ]
    }
  },
  "decode_ctx512_b1": {
    "median_ms": 26.94553565979004,
    "p10_ms": 26.195968627929688,
    "p90_ms": 26.447839736938477,
    "peak_mem_bytes": 4061527552,
    "tokens_per_sec": 37.11189907767423,
    "mode": "decode",
    "batch_size": 1,
    "seq_len": 512,
    "pinned_last_token": true,
    "correctness": {
      "pass": true,
      "cos_sim": 0.9999435131159707,
      "l1_rel": 0.01703934371471405,
      "rmse": 0.08050066977739334,
      "reasons": [],
      "strict_pass": false,
      "strict_reasons": [
        "l1_rel 0.0170 > 0.01",
        "rmse 0.0805 > 0.01"
      ]
    }
  },
  "decode_ctx512_b8": {
    "median_ms": 139.06204223632812,
    "p10_ms": 140.96566772460938,
    "p90_ms": 140.96566772460938,
    "peak_mem_bytes": 4929472000,
    "tokens_per_sec": 57.528279258292855,
    "mode": "decode",
    "batch_size": 8,
    "seq_len": 512,
    "pinned_last_token": true,
    "correctness": {
      "pass": true,
      "cos_sim": 0.9999745552263363,
      "l1_rel": 0.006068876478821039,
      "rmse": 0.03638573735952377,
      "reasons": [],
      "strict_pass": false,
      "strict_reasons": [
        "rmse 0.0364 > 0.01"
      ]
    }
  },
  "prefill_2048_b1": {
    "median_ms": 893.413330078125,
    "p10_ms": 890.7361450195312,
    "p90_ms": 896.5581665039062,
    "peak_mem_bytes": 4367675392,
    "tokens_per_sec": 2292.3320383197233,
    "mode": "prefill",
    "batch_size": 1,
    "seq_len": 2048,
    "pinned_last_token": false,
    "correctness": {
      "pass": true,
      "cos_sim": 0.999965431462566,
      "l1_rel": 0.006105250678956509,
      "rmse": 0.04252202808856964,
      "reasons": [],
      "strict_pass": false,
      "strict_reasons": [
        "rmse 0.0425 > 0.01"
      ]
    }
  },
  "prefill_512_b1": {
    "median_ms": 247.75228881835938,
    "p10_ms": 245.70407104492188,
    "p90_ms": 250.41250610351562,
    "peak_mem_bytes": 3900403712,
    "tokens_per_sec": 2066.580302615791,
    "mode": "prefill",
    "batch_size": 1,
    "seq_len": 512,
    "pinned_last_token": false,
    "correctness": {
      "pass": true,
      "cos_sim": 0.9999644690433664,
      "l1_rel": 0.0063130734488368034,
      "rmse": 0.04411035031080246,
      "reasons": [],
      "strict_pass": false,
      "strict_reasons": [
        "rmse 0.0441 > 0.01"
      ]
    }
  }
}