{
  "triton_poi_fused__unsafe_view_mul_silu_6": {
    "median_us": 105.47199845314026,
    "profiler_aggregate_us": 361.3154750000003,
    "shape": [
      1,
      512,
      6144
    ],
    "dtype": "bf16",
    "XBLOCK": 512,
    "num_warps": 8,
    "num_stages": 1
  },
  "swiglu_us": 105.47199845314026,
  "triton_red_fused__to_copy__unsafe_view_add_mean_mul_pow_rsqrt_9": {
    "median_us": 51.11999996006489,
    "profiler_aggregate_us": 258.82638461538454,
    "shape": [
      1,
      512,
      2048
    ],
    "dtype": "bf16",
    "XBLOCK": 2,
    "R0_BLOCK": 1024,
    "num_warps": 8,
    "num_stages": 1,
    "sanity_strict": {
      "pass": true,
      "cos_sim": 0.9999999999782899,
      "l1_rel": 1.4014962523845043e-08,
      "rmse": 6.607249360968126e-06,
      "reasons": []
    }
  },
  "rmsnorm_us": 51.11999996006489,
  "sdpa_prelude": {
    "median_us": 4045.7282066345215,
    "breakdown_us": {
      "q_proj_mm": 610.2719902992249,
      "k_proj_mm": 776.0159969329834,
      "v_proj_mm": 1538.8799905776978,
      "q_rmsnorm_rope": 29.80799973011017,
      "k_rmsnorm_rope": 18.400000408291817,
      "kv_expand_k": 23.552000522613525,
      "kv_expand_v": 23.552000522613525,
      "causal_mask": 9.184000082314014,
      "full_chain": 4045.7282066345215
    },
    "shape": {
      "hidden_states": [
        1,
        512,
        2048
      ],
      "q_out": [
        1,
        16,
        512,
        128
      ],
      "k_out": [
        1,
        16,
        512,
        128
      ],
      "v_out": [
        1,
        16,
        512,
        128
      ],
      "mask_out": [
        1,
        1,
        512,
        512
      ]
    },
    "dtype": "bf16",
    "note": "Full prelude as inductor emits it for prefill_512_b1: 3x cuBLAS QKV mm + per_..._1 (Q norm+RoPE) + per_..._2 (K norm+RoPE) + 2x where_3 (KV GQA-expand) + where_4 (causal mask). This is the codegen-vs-codegen baseline."
  },
  "sdpa_prelude_us": 4045.7282066345215
}