{
  "correctness": {
    "pass": true,
    "cos_sim": 0.9999958666720676,
    "l1_rel": 0.0014892624458298087,
    "rmse": 0.0017213962273672223,
    "reasons": []
  },
  "correctness_strict": {
    "pass": true,
    "cos_sim": 0.9999958666720676,
    "l1_rel": 0.0014892624458298087,
    "rmse": 0.0017213962273672223,
    "reasons": []
  },
  "mutates_x": false,
  "mutates_y": false,
  "deterministic": true,
  "determinism_rmse": 0.0,
  "candidate_us": 103.42399775981903,
  "reference_us": 128.03199887275696,
  "inductor_baseline_us": 361.3154750000003,
  "speedup_vs_inductor": 3.4935361504694606,
  "verdict": "PASS_STRICT"
}
