{
  "decode_ctx2048_b1": {
    "compile_time_s": 2.184417724609375,
    "correctness": {
      "pass": true,
      "cos_sim": 0.999983071027252,
      "l1_rel": 0.010090514086186886,
      "rmse": 0.055870577692985535,
      "reasons": []
    },
    "median_ms": 33.71694564819336,
    "p10_ms": 33.77267074584961,
    "p90_ms": 33.77267074584961,
    "peak_mem_bytes": 4201073152,
    "tokens_per_sec": 29.658676987949015,
    "mode": "decode",
    "batch_size": 1,
    "seq_len": 2048
  },
  "decode_ctx2048_b8": {
    "compile_time_s": 5.853268384933472,
    "correctness": {
      "pass": true,
      "cos_sim": 0.9999410915513377,
      "l1_rel": 0.008804510347545147,
      "rmse": 0.04811772704124451,
      "reasons": []
    },
    "median_ms": 215.9412841796875,
    "p10_ms": 215.9412841796875,
    "p90_ms": 215.9412841796875,
    "peak_mem_bytes": 9281851904,
    "tokens_per_sec": 37.04710764497954,
    "mode": "decode",
    "batch_size": 8,
    "seq_len": 2048
  },
  "decode_ctx512_b1": {
    "compile_time_s": 2.1203341484069824,
    "correctness": {
      "pass": true,
      "cos_sim": 0.9999503143235711,
      "l1_rel": 0.011700731702148914,
      "rmse": 0.06152505800127983,
      "reasons": []
    },
    "median_ms": 25.417152404785156,
    "p10_ms": 25.360607147216797,
    "p90_ms": 25.448095321655273,
    "peak_mem_bytes": 3830746112,
    "tokens_per_sec": 39.343510400942286,
    "mode": "decode",
    "batch_size": 1,
    "seq_len": 512
  },
  "decode_ctx512_b8": {
    "compile_time_s": 2.54813289642334,
    "correctness": {
      "pass": true,
      "cos_sim": 0.999973933864566,
      "l1_rel": 0.005893263965845108,
      "rmse": 0.03633663058280945,
      "reasons": []
    },
    "median_ms": 148.86720275878906,
    "p10_ms": 148.86720275878906,
    "p90_ms": 148.86720275878906,
    "peak_mem_bytes": 4927918592,
    "tokens_per_sec": 53.73917056104343,
    "mode": "decode",
    "batch_size": 8,
    "seq_len": 512
  },
  "prefill_2048_b1": {
    "compile_time_s": 3.2598700523376465,
    "correctness": {
      "pass": true,
      "cos_sim": 0.9999703264587312,
      "l1_rel": 0.005688931327313185,
      "rmse": 0.03941083326935768,
      "reasons": []
    },
    "median_ms": 863.8364868164062,
    "p10_ms": 863.8364868164062,
    "p90_ms": 863.8364868164062,
    "peak_mem_bytes": 4106520576,
    "tokens_per_sec": 2370.819051123581,
    "mode": "prefill",
    "batch_size": 1,
    "seq_len": 2048
  },
  "prefill_512_b1": {
    "compile_time_s": 2.1727209091186523,
    "correctness": {
      "pass": true,
      "cos_sim": 0.9999632687032118,
      "l1_rel": 0.006278003565967083,
      "rmse": 0.045361340045928955,
      "reasons": []
    },
    "median_ms": 242.49420166015625,
    "p10_ms": 242.49420166015625,
    "p90_ms": 242.49420166015625,
    "peak_mem_bytes": 3710134272,
    "tokens_per_sec": 2111.390690972244,
    "mode": "prefill",
    "batch_size": 1,
    "seq_len": 512
  }
}